l1_auc,l2_auc,drop_auc
0.5,0.8341858798527195,0.8233177650925446
